{"intercept": -0.59999999999999964, "regressor": "linear", "coefficients": [2.1999999999999997]}